Group;"ApoE
Pheno";sex;age at LP;Sample;APOE_total;APOE2;APOE3;APOE4;APOD;APOJ [1];APOJ [2];APOA1;AACT;OPN [1];OPN [2];OPN [3];CH3L1;C3;C4B [1];C4B [2];C4A [1];C4A [2];C4_total;GFAP;TREM2 [1];TREM2 [2];AXL;TYRO3;MIF;C1QA;C1QB;C1QC
CU_A-T-;3/3;w;49;csf109;51,02;0,00;52,55;0,00;82,04;57,19;52,38;109,86;13,06;6,66;2,14;18,60;1,44;10,48;4,83;36,51;6,81;4,10;8,13;0,0047;0,181;0,081;0,276;0,104;0,251;2,516;2,38;2,84
CU_A-T-;3/3;m;76;csf126;60,64;0,00;62,37;0,00;79,75;63,23;56,55;133,20;25,65;7,18;2,35;25,75;2,44;13,92;18,36;86,00;2,43;2,54;8,48;0,0091;0,241;0,092;0,298;0,097;0,340;2,400;3,07;3,82
CU_A-T-;3/3;m;80;csf134;94,04;0,00;103,60;0,00;183,93;86,99;157,80;249,16;34,14;8,57;2,93;31,49;4,94;25,36;29,83;128,65;0,04;0,13;9,46;0,0100;0,386;0,184;0,517;0,200;0,491;4,975;4,73;5,57
CU_A-T-;3/3;w;72;csf135;90,05;0,00;86,24;0,00;159,43;97,37;212,29;297,41;49,37;11,16;4,92;23,31;4,63;28,39;14,19;31,06;10,47;16,08;18,56;0,0123;0,516;0,310;0,565;0,258;0,579;5,941;5,24;6,39
CU_A-T-;3/3;w;62;csf137;96,27;0,00;99,08;0,00;119,82;96,06;123,35;232,30;27,04;11,12;2,53;30,28;2,93;18,79;10,86;47,73;9,40;9,54;12,97;0,0082;0,382;0,176;0,419;0,185;0,426;4,089;3,98;4,52
CU_A-T-;3/3;m;75;csf152;129,58;0,00;134,60;0,00;117,67;93,29;89,46;153,92;21,75;11,69;5,44;42,63;4,03;20,30;17,99;61,95;3,54;3,58;10,32;0,0122;0,364;0,181;0,733;0,303;0,728;5,618;5,04;5,95
CU_A-T-;3/3;m;70;csf161;113,50;0,00;106,04;0,00;158,06;89,83;179,57;275,50;31,13;10,80;3,21;28,74;2,81;24,42;12,08;71,12;13,03;3,91;16,33;0,0232;0,467;0,291;0,482;0,180;0,441;6,201;5,45;6,63
CU_A-T-;3/3;m;64;csf163;85,96;0,00;91,44;0,00;73,53;69,64;62,56;76,33;13,75;12,94;3,48;33,10;2,57;13,16;8,13;58,95;6,40;2,93;9,26;0,0127;0,228;0,112;0,519;0,222;0,482;3,246;3,05;3,89
CU_A-T-;3/3;m;64;csf164;120,36;0,00;128,55;0,00;222,00;92,50;82,08;149,32;27,48;13,98;9,36;45,34;4,19;21,20;18,16;64,16;5,21;4,74;14,32;0,0165;0,546;0,309;0,862;0,366;0,831;7,294;6,67;8,10
CU_A-T-;3/3;m;75;csf165;74,66;0,00;71,81;0,00;137,52;77,93;77,34;166,24;27,69;12,14;4,53;26,33;3,00;17,62;8,78;24,53;10,36;10,00;13,04;0,0182;0,454;0,273;0,529;0,266;0,525;4,929;4,48;4,86
CU_A-T-;3/3;w;58;csf174;68,60;0,00;67,83;0,00;118,49;77,44;151,41;303,18;51,59;11,54;4,10;36,08;2,04;21,74;23,51;79,54;9,42;9,13;17,94;0,0147;0,384;0,226;0,407;0,150;0,460;4,914;4,54;5,35
CU_A-T-;3/4;m;73;csf087;78,49;0,00;36,02;39,67;212,95;81,62;216,87;377,71;42,94;6,50;2,70;21,67;2,68;28,53;22,06;78,51;14,31;13,84;21,83;0,0158;0,287;0,154;0,429;0,164;0,379;4,211;3,73;4,47
CU_A-T-;3/4;m;59;csf102;98,90;0,00;42,59;47,64;141,42;84,33;72,21;197,16;34,73;8,75;5,40;27,45;2,61;22,96;29,05;82,84;7,94;11,76;20,06;0,0137;0,318;0,168;0,519;0,209;0,551;5,482;5,38;6,04
CU_A-T-;3/4;w;72;csf130;93,52;0,00;47,44;43,92;129,73;89,16;81,64;145,03;24,45;11,93;7,05;38,63;3,70;18,79;18,60;49,06;4,00;3,83;12,16;0,0180;0,323;0,182;0,520;0,345;0,549;4,884;4,44;5,01
CU_A-T-;2/3;m;53;csf156;118,68;40,96;90,78;0,00;170,18;107,14;173,36;248,58;29,03;12,84;4,96;40,63;3,02;23,35;37,09;118,57;9,77;21,81;22,35;0,0125;0,403;0,200;0,639;0,304;0,584;5,072;4,53;5,99
CU_A-T-;3/3;m;80;csf203;83,75;0,00;87,92;0,00;107,239;96,28;125,20;128,85;26,87;7,86;4,35;29,80;4,18;20,64;18,82;71,06;4,91;5,20;13,88;0,0102;0,266;0,121;0,583;0,257;0,492;4,270;4,58;5,64
CU_A-T-;3/3;w;77;csf204;47,99;0,00;47,28;0,00;83,458;53,76;52,51;48,18;42,47;9,97;4,37;24,27;1,88;14,76;9,70;39,97;2,78;2,95;8,29;0,0082;0,145;0,047;0,284;0,132;0,338;3,691;3,51;4,21
CU_A-T-;3/3;m;42;csf210;44,54;0,00;44,45;0,00;65,427;48,95;64,74;122,05;18,71;4,86;1,42;16,37;0,98;15,00;5,98;41,97;5,05;2,55;7,69;0,0023;0,123;0,045;0,275;0,131;0,220;2,766;2,89;3,44
CU_A-T-;3/3;m;70;csf211;106,91;0,00;104,76;0,00;112,354;87,99;109,54;166,53;20,71;9,21;4,60;31,47;2,30;19,31;8,13;0,00;11,40;7,47;13,39;0,0051;0,260;0,112;0,468;0,258;0,562;3,144;3,11;3,62
CU_A-T-;3/3;w;70;csf212;140,10;0,00;137,80;0,00;98,104;125,03;214,03;115,30;22,35;13,66;9,01;48,51;2,86;17,22;19,07;68,89;7,56;7,74;14,73;0,0069;0,401;0,172;0,800;0,442;0,593;5,061;4,30;5,48
CU_A-T-;3/3;m;85;csf213;165,78;0,00;160,75;0,00;150,953;138,11;157,23;146,82;32,13;15,18;6,78;41,16;4,65;24,00;28,79;105,98;10,61;10,54;20,68;0,0197;0,584;0,274;0,714;0,374;0,591;5,876;5,80;7,35
CU_A-T-;3/3;m;61;csf214;93,98;0,00;97,31;0,00;94,506;85,70;86,99;241,12;29,46;8,06;3,60;29,53;2,38;23,04;21,83;69,16;7,58;12,70;16,21;0,0084;0,247;0,112;0,527;0,268;0,491;3,742;4,44;5,47
CU_A-T-;3/3;w;68;csf215;73,33;0,00;75,79;0,00;115,240;97,16;137,43;163,79;22,10;12,92;7,45;51,36;2,55;20,94;10,26;0,00;10,54;6,78;13,80;0,0081;0,241;0,109;0,460;0,352;0,556;4,482;4,09;4,76
CU_A-T-;3/4;m;70;csf200;72,10;0,00;32,35;31,68;105,908;86,25;118,04;86,96;19,29;6,98;2,84;24,34;1,61;12,23;16,48;65,38;6,64;6,86;13,77;0,0081;0,303;0,127;0,564;0,194;0,493;5,360;5,67;6,52
CU_A-T-;3/4;m;72;csf201;75,12;0,00;34,18;38,94;103,072;93,55;127,06;85,51;16,45;10,99;3,29;29,03;1,64;11,92;16,67;60,27;6,55;7,03;14,06;0,0127;0,334;0,140;0,567;0,240;0,543;5,082;5,06;6,26
CU_A-T-;3/4;w;66;csf205;67,52;0,00;30,40;34,13;87,711;55,76;102,61;96,75;19,82;4,59;2,34;19,83;1,98;12,68;14,85;29,06;4,66;5,28;10,83;0,0107;0,175;0,082;0,354;0,164;0,384;3,251;2,76;3,34
CU_A-T-;3/4;w;68;csf206;72,28;0,00;33,22;35,70;103,767;67,82;111,86;129,86;21,22;3,20;2,05;19,33;2,07;13,62;17,17;34,22;5,64;5,98;12,63;0,0100;0,184;0,073;0,377;0,182;0,437;3,297;3,33;3,77
CU_A-T-;3/4;w;69;csf209;86,04;0,00;40,18;43,58;72,904;84,29;127,21;82,31;18,48;9,05;3,22;26,58;1,47;12,32;5,02;23,99;7,54;7,84;9,54;0,0117;0,213;0,092;0,480;0,268;0,559;4,209;4,00;4,87
CU_A-T-;2/3;w;84;csf202;99,54;71,65;36,93;0,00;135,417;97,09;104,00;237,74;37,76;6,88;2,27;25,95;2,90;26,10;19,00;68,71;15,01;14,66;20,93;0,0163;0,377;0,157;0,427;0,303;0,486;4,493;5,00;5,83
CU_A-T-;2/3;w;76;csf207;72,29;24,67;45,27;0,00;79,719;64,75;107,40;119,03;27,96;7,02;1,66;16,42;1,94;15,61;11,87;42,97;2,69;2,89;8,02;0,0079;0,222;0,097;0,279;0,158;0,437;3,067;2,73;3,18
CU_A-T-;2/3;w;80;csf208;138,58;46,73;93,38;0,00;116,276;108,62;138,40;142,15;26,94;9,10;5,21;33,41;3,40;15,74;8,17;55,68;11,52;7,48;13,96;0,0118;0,324;0,132;0,575;0,310;0,498;4,049;4,17;5,10
CU_A-T-;2/4;w;61;csf216;45,01;17,81;0,00;25,01;88,194;50,18;95,43;210,81;25,35;5,68;2,38;18,80;2,11;19,29;0,00;24,80;9,70;5,96;8,96;0,0067;0,158;0,064;0,326;0,144;0,387;2,203;2,05;2,57
AD_A+T+;3/3;w;62;csf098;80,26;0,00;88,20;0,00;81,83;68,20;62,56;45,00;14,67;20,45;9,04;47,46;3,13;10,19;5,26;20,10;7,05;6,49;9,53;0,0108;0,323;0,152;0,429;0,176;0,533;2,810;2,31;3,12
AD_A+T+;3/3;w;81;csf101;188,16;0,00;196,98;0,00;189,90;134,97;233,39;236,79;47,32;15,83;7,85;53,09;9,99;29,33;38,29;138,66;12,75;12,52;27,31;0,0493;0,548;0,235;0,854;0,315;0,942;6,941;7,01;7,93
AD_A+T+;3/3;w;56;csf105;104,97;0,00;102,47;0,00;121,34;85,67;79,69;159,66;23,74;13,82;4,97;39,67;4,43;15,22;17,78;60,08;5,88;5,71;12,41;0,0174;0,499;0,282;0,571;0,219;0,707;3,788;3,81;4,50
AD_A+T+;3/3;w;60;csf107;91,90;0,00;96,29;0,00;84,83;87,65;81,52;132,16;18,58;14,13;7,22;51,47;3,83;16,11;14,11;53,11;9,96;9,63;15,73;0,0192;0,254;0,075;0,719;0,221;0,773;4,338;4,36;5,30
AD_A+T+;3/3;m;81;csf177;113,52;0,00;112,08;0,00;177,29;94,19;125,02;259,00;33,49;13,63;5,35;36,46;3,19;27,11;16,10;112,34;17,11;15,35;22,45;0,0272;0,477;0,249;0,518;0,196;0,630;5,914;5,90;6,98
AD_A+T+;3/3;m;77;csf179;141,57;0,00;140,86;0,00;106,64;103,02;92,15;102,47;29,41;18,04;6,17;55,42;4,48;12,96;22,49;79,58;13,22;12,14;20,51;0,0291;0,545;0,289;0,429;0,220;0,890;3,983;3,71;4,03
AD_A+T+;3/3;w;73;csf189;138,38;0,00;149,28;0,00;145,21;128,15;111,28;191,55;28,16;21,93;6,42;53,11;5,35;20,50;14,83;112,99;17,41;10,73;21,57;0,0385;0,512;0,293;0,700;0,250;0,965;5,026;4,99;5,95
AD_A+T+;3/4;w;64;csf086;96,09;0,00;42,05;44,95;113,17;63,29;63,80;189,97;21,73;15,02;7,20;45,48;4,57;17,96;16,21;54,02;10,59;10,26;16,86;0,0188;0,358;0,218;0,442;0,236;0,667;4,371;3,56;4,08
AD_A+T+;3/4;w;70;csf095;129,98;0,00;65,89;70,49;99,11;87,10;83,43;79,29;15,68;19,56;10,88;69,56;4,12;14,60;33,90;125,11;14,57;13,32;27,22;0,0219;0,417;0,214;0,682;0,336;0,766;4,262;3,96;4,84
AD_A+T+;3/4;w;60;csf100;104,33;0,00;47,56;57,13;135,69;78,78;68,98;90,96;21,12;26,08;11,96;71,24;6,93;12,47;10,09;36,34;9,72;11,75;13,68;0,0114;0,438;0,243;0,600;0,222;0,647;4,145;3,71;4,53
AD_A+T+;3/4;m;74;csf104;121,59;0,00;58,31;60,67;128,08;105,67;98,92;168,69;28,84;16,71;7,66;56,54;6,28;19,07;24,41;47,61;8,30;7,67;16,36;0,0185;0,412;0,194;0,653;0,266;0,742;4,638;4,73;5,83
AD_A+T+;3/4;w;77;csf129;109,62;0,00;47,53;56,78;128,98;75,69;68,11;167,01;27,44;17,02;4,96;44,97;4,01;15,65;23,20;102,48;3,20;7,83;12,16;0,0124;0,373;0,199;0,491;0,188;0,558;3,513;3,92;4,67
AD_A+T+;3/4;w;85;csf181;129,05;0,00;61,84;59,23;125,19;119,26;110,07;170,03;26,70;13,74;6,63;39,79;3,37;19,00;25,19;101,27;4,36;4,10;14,40;0,0272;0,378;0,191;0,725;0,287;0,759;5,949;4,47;6,91
AD_A+T+;3/4;w;72;csf183;143,70;0,00;71,14;72,24;168,63;126,60;118,14;176,52;39,30;33,24;15,66;97,03;7,03;23,22;14,17;125,66;20,42;10,57;23,14;0,0399;0,747;0,369;1,115;0,410;1,198;6,826;5,30;6,18
AD_A+T+;4/4;w;70;csf088;138,71;0,00;0,00;118,42;160,27;100,85;103,47;192,84;37,57;28,36;15,66;84,10;6,49;23,15;27,67;71,83;10,45;5,07;21,43;0,0288;0,665;0,390;0,694;0,344;1,093;6,827;5,73;7,36
AD_A+T+;4/4;m;70;csf128;108,84;0,00;-0,00;95,69;152,62;94,73;138,86;220,08;33,26;13,22;11,83;45,45;4,87;30,35;8,37;23,24;15,38;0,05;17,96;0,0257;0,394;0,297;0,639;0,347;1,137;8,027;7,73;8,74
AD_A+T+;4/4;m;64;csf186;111,72;0,00;0,00;89,99;189,06;110,06;190,33;317,30;35,74;25,27;7,69;77,47;4,14;26,36;39,78;99,36;5,02;9,44;19,77;0,0149;0,494;0,274;0,515;0,207;0,796;6,248;5,98;6,69
AD_A+T+;3/3;m;78;csf003;120,95;0,00;120,92;0,00;185,54;137,07;315,09;150,79;28,57;14,01;5,75;30,51;5,12;22,60;9,13;19,69;12,59;18,84;16,03;0,0351;0,364;0,199;0,507;0,269;0,611;4,64;4,10;4,99
AD_A+T+;3/3;w;71;csf004;168,18;0,00;168,14;0,00;147,34;121,48;301,56;186,28;34,87;14,52;8,36;44,46;4,88;28,37;18,93;44,04;11,33;11,35;20,50;0,0277;0,297;0,174;0,618;0,322;0,798;5,31;4,73;5,65
AD_A+T+;3/3;w;68;csf058;132,34;0,00;132,32;0,00;140,68;123,49;235,77;143,74;27,30;15,20;7,03;45,19;6,04;19,74;15,08;18,53;3,95;0,05;11,66;0,0283;0,260;0,149;0,512;0,306;0,744;5,89;5,20;6,00
AD_A+T+;3/3;m;76;csf062;160,67;0,00;160,63;0,00;225,60;169,09;199,52;247,96;55,07;14,09;8,19;38,34;3,89;31,88;15,57;80,39;27,39;27,78;32,69;0,0650;0,540;0,272;0,837;0,383;0,935;7,84;6,37;8,02
AD_A+T+;3/3;w;57;csf064;96,48;0,00;96,45;0,00;150,47;108,83;284,71;192,24;31,30;11,46;4,19;22,53;2,54;26,57;25,29;64,31;10,50;16,09;23,04;0,0103;0,357;0,229;0,440;0,186;0,486;3,93;3,50;4,29
AD_A+T+;3/3;w;72;csf067;149,51;0,00;149,49;0,00;105,21;164,36;166,22;90,71;24,17;30,65;12,71;67,78;5,36;14,09;30,29;78,72;19,57;25,70;32,63;0,0462;0,582;0,369;0,786;0,376;1,089;5,20;5,09;5,83
AD_A+T+;3/3;m;76;csf068;177,20;0,00;177,16;0,00;292,92;161,93;222,92;289,16;30,61;21,84;8,94;57,92;6,59;43,04;12,57;27,35;14,44;17,00;18,74;0,0392;0,613;0,407;0,781;0,298;0,930;8,19;6,94;7,99
AD_A+T+;3/3;w;83;csf071;119,79;0,00;119,76;0,00;144,45;129,71;311,83;184,31;33,60;18,79;6,45;34,78;2,86;22,30;8,64;18,63;9,25;9,67;12,93;0,0331;0,500;0,328;0,583;0,284;0,663;7,92;4,99;6,06
AD_A+T+;3/3;w;71;csf073;128,24;0,00;128,22;0,00;132,72;125,31;124,44;85,25;22,94;20,25;7,15;47,80;5,10;17,50;6,45;15,33;6,59;7,14;9,89;0,0337;0,289;0,181;0,574;0,239;0,631;5,19;4,74;5,48
AD_A+T+;3/3;m;68;csf074;159,70;0,00;159,68;0,00;154,98;140,90;334,99;120,99;35,52;13,39;7,98;39,84;4,47;22,47;9,35;21,48;16,37;17,03;19,10;0,0220;0,459;0,288;0,739;0,356;0,663;14,34;14,32;16,62
AD_A+T+;3/3;w;77;csf077;98,65;0,00;98,63;0,00;124,42;98,14;229,46;187,76;35,83;6,56;5,17;22,63;3,25;22,31;7,58;41,23;15,09;8,94;16,29;0,0236;0,339;0,193;0,468;0,188;0,516;4,64;3,79;4,83
AD_A+T+;3/4;m;75;csf051;111,77;0,00;53,31;58,44;147,22;109,27;260,58;147,80;25,30;9,37;2,91;20,83;2,92;22,06;15,02;62,20;17,64;15,47;22,75;0,0226;0,332;0,195;0,335;0,215;0,509;5,56;4,93;5,65
AD_A+T+;3/4;m;78;csf054;139,88;0,00;68,94;70,91;197,70;168,23;264,00;159,52;37,01;27,73;11,90;60,83;6,72;26,97;27,09;63,94;14,18;14,86;27,67;0,0459;0,528;0,364;0,704;0,393;0,915;8,69;7,25;8,94
AD_A+T+;3/4;w;85;csf055;120,71;0,00;58,24;62,45;157,18;144,63;274,85;89,05;45,99;19,92;5,01;34,14;2,84;26,28;8,57;44,52;17,49;10,66;20,68;0,0723;0,558;0,331;0,542;0,206;0,757;6,96;6,45;7,42
AD_A+T+;3/4;w;75;csf057;155,50;0,00;64,13;91,34;121,43;115,03;118,00;100,18;22,02;12,79;5,44;34,22;3,21;16,00;7,10;32,86;12,18;7,13;14,19;0,0295;0,268;0,153;0,640;0,243;0,639;4,28;3,78;4,43
AD_A+T+;3/4;w;76;csf060;129,58;0,00;62,61;66,95;172,35;154,27;428,65;245,11;44,23;18,86;6,89;32,63;5,59;33,51;9,58;22,10;15,19;15,44;18,30;0,0342;0,558;0,357;0,526;0,305;0,878;5,94;6,68;8,24
AD_A+T+;3/4;m;59;csf061;106,02;0,00;51,81;54,18;130,05;134,83;348,87;211,21;34,20;20,12;6,54;38,99;4,52;24,97;8,25;21,93;13,47;13,85;16,05;0,0248;0,418;0,188;0,640;0,288;0,754;4,34;3,88;4,44
AD_A+T+;3/4;m;82;csf069;133,31;0,00;67,77;65,52;174,47;153,14;183,83;290,95;43,89;15,39;6,87;40,59;2,43;29,45;11,83;58,74;23,65;15,04;27,15;0,0161;0,471;0,240;0,691;0,343;0,746;7,47;6,34;8,39
AD_A+T+;3/4;w;80;csf072;106,09;0,00;48,25;57,83;139,60;138,47;329,18;174,96;41,29;16,21;5,74;26,69;3,82;25,17;15,78;35,66;9,71;9,70;16,58;0,0256;0,333;0,195;0,564;0,202;0,659;5,29;4,70;5,30
AD_A+T+;3/4;w;80;csf075;109,15;0,00;51,61;57,53;115,09;145,88;281,59;125,31;29,88;18,84;6,33;31,31;5,04;18,85;16,03;36,56;9,48;17,34;17,15;0,0307;0,489;0,317;0,565;0,235;0,586;6,24;4,99;5,88
AD_A+T+;3/4;w;79;csf078;118,76;0,00;56,73;62,00;114,17;115,91;211,84;144,16;33,84;12,69;6,99;33,26;6,21;18,30;0,03;20,94;19,33;12,78;15,93;0,0294;0,231;0,143;0,719;0,258;0,603;5,23;4,37;5,15
AD_A+T+;3/4;m;78;csf001;140,47;0,00;67,82;72,61;197,59;114,00;292,80;113,47;32,25;13,11;7,46;39,29;3,54;19,61;20,34;44,97;10,92;17,19;19,87;0,0315;0,308;0,164;0,639;0,313;0,798;7,22;6,41;7,68
AD_A+T+;3/4;m;81;csf005;94,99;0,00;49,54;45,43;131,91;116,12;130,99;278,53;46,29;11,97;4,03;28,43;2,91;38,12;25,60;64,37;5,92;15,08;20,25;0,0329;0,260;0,156;0,517;0,217;0,736;7,88;6,82;7,94
AD_A+T+;3/4;m;76;csf047;184,91;0,00;96,10;88,77;174,92;164,72;223,66;192,22;35,12;20,02;7,57;50,33;5,89;34,51;22,32;44,06;5,95;6,23;17,50;0,0269;0,400;0,246;0,718;0,368;0,923;8,46;7,64;9,20
AD_A+T+;3/4;w;77;csf048;102,55;0,00;47,73;54,80;162,03;128,34;138,14;303,69;47,78;15,10;5,01;31,56;3,08;35,40;22,62;47,40;11,01;19,99;22,30;0,0279;0,452;0,240;0,542;0,217;0,535;4,74;4,33;5,05
AD_A+T+;3/4;w;57;csf050;145,37;0,00;60,23;85,11;89,69;141,85;147,46;86,22;22,55;20,19;7,19;43,93;6,44;18,60;15,76;34,22;3,93;4,18;12,31;0,0323;0,518;0,173;0,675;0,277;0,786;4,04;3,67;4,40
AD_A+T+;4/4;m;65;csf002;116,43;0,00;0,00;120,19;245,38;118,01;175,48;207,38;37,14;11,12;4,99;27,12;2,54;23,94;8,40;18,46;15,35;15,48;17,63;0,0219;0,200;0,136;0,544;0,199;0,502;5,31;4,69;5,66
AD_A+T+;4/4;w;56;csf066;130,45;0,00;0,00;134,18;108,00;105,22;100,41;96,05;13,55;20,14;9,68;47,59;3,39;16,26;7,29;17,11;5,25;5,50;9,14;0,0142;0,440;0,253;0,756;0,413;0,750;4,36;3,91;4,89
AD_A+T+;4/4;w;70;csf076;116,63;0,00;0,00;117,80;108,45;111,08;110,42;96,82;42,83;10,00;5,80;22,02;2,86;19,35;12,83;26,56;7,75;7,87;13,65;0,0272;0,325;0,190;0,475;0,194;0,639;4,44;3,92;4,65
AD_A+T+;2/4;w;59;csf059;108,92;37,46;0,00;56,02;202,04;138,73;156,92;555,50;57,85;17,30;6,90;37,36;2,93;43,16;34,55;87,28;15,22;18,41;29,79;0,0200;0,459;0,319;0,801;0,266;0,682;5,69;4,89;6,01
CBS_A-T+;3/3;w;81;csf007;137,60;0,00;137,57;0,00;184,73;171,99;167,44;99,31;28,94;17,42;14,21;54,55;7,11;18,67;8,13;45,43;16,84;9,34;19,36;0,0341;0,365;0,199;0,846;0,612;0,974;7,84;6,46;7,51
CBS_A-T+;3/3;m;77;csf009;140,56;0,00;140,53;0,00;276,84;162,09;177,72;270,57;60,63;14,17;4,83;33,97;3,23;36,17;32,02;49,64;5,15;5,55;21,81;0,0602;0,642;0,280;0,718;0,236;0,611;7,09;6,27;7,45
CBS_A-T+;3/3;w;73;csf012;189,35;0,00;189,31;0,00;163,76;169,46;431,25;130,94;38,68;24,28;17,04;82,66;8,96;23,33;28,01;64,22;5,21;18,06;20,55;0,0146;0,508;0,359;0,971;0,604;1,098;7,55;6,40;7,64
CBS_A-T+;3/3;w;83;csf013;168,45;0,00;168,41;0,00;174,68;158,98;322,59;187,65;42,93;22,58;10,26;59,70;5,52;37,39;20,65;47,97;6,11;6,20;16,01;0,0299;0,524;0,305;0,746;0,375;0,750;8,69;8,23;9,75
CBS_A-T+;3/3;w;71;csf017;136,95;0,00;136,93;0,00;145,56;141,72;372,32;168,89;37,59;11,33;10,55;50,61;5,61;26,30;10,14;24,15;15,55;15,86;19,18;0,0281;0,446;0,213;0,734;0,440;0,805;6,65;6,02;7,12
CBS_A-T+;3/3;m;63;csf025;101,44;0,00;101,41;0,00;233,01;134,39;180,93;216,65;48,05;14,39;4,93;27,09;4,71;30,75;19,13;45,64;11,03;11,28;20,07;0,0368;0,449;0,216;0,523;0,232;0,549;6,28;5,77;6,59
CBS_A-T+;3/3;m;61;csf026;125,72;0,00;125,69;0,00;214,46;106,42;339,49;191,89;33,18;10,39;6,91;32,37;2,56;27,14;13,31;31,01;4,09;4,27;10,79;0,0147;0,298;0,159;0,588;0,230;0,502;5,61;4,79;5,71
CBS_A-T+;3/3;m;74;csf029;143,22;0,00;143,18;0,00;292,30;141,89;156,25;388,68;69,08;12,90;7,08;38,76;3,90;55,09;9,37;51,53;25,36;8,73;25,66;0,0254;0,302;0,203;0,653;0,266;0,672;7,44;6,37;7,97
CBS_A-T+;3/3;m;78;csf030;155,73;0,00;155,69;0,00;288,97;139,80;155,18;349,02;103,15;22,17;9,41;44,83;8,24;58,66;31,25;83,72;14,49;10,83;29,64;0,4436;1,337;0,933;1,193;0,313;0,694;13,41;12,39;14,64
CBS_A-T+;3/3;m;68;csf031;139,36;0,00;139,32;0,00;153,45;121,26;286,60;124,68;25,21;8,72;8,57;33,53;3,79;18,26;11,25;28,86;7,90;7,83;13,26;0,0079;0,298;0,173;0,619;0,346;0,659;6,88;6,01;6,87
CBS_A-T+;3/3;w;77;csf038;72,57;0,00;72,55;0,00;137,47;95,69;312,73;205,17;35,72;9,07;5,35;25,17;3,01;26,49;7,07;17,07;12,21;12,31;14,29;0,0405;0,378;0,227;0,376;0,179;0,495;5,01;4,39;5,11
CBS_A-T+;3/3;m;66;csf040;104,07;0,00;104,05;0,00;190,86;91,44;114,58;197,51;46,65;4,92;3,47;22,93;2,29;29,78;8,31;17,22;13,58;14,53;16,70;0,0186;0,174;0,116;0,345;0,149;0,554;5,25;4,74;5,80
CBS_A-T+;3/3;w;72;csf042;68,69;0,00;68,67;0,00;103,56;88,13;82,14;65,63;19,04;15,41;3,39;24,37;3,09;11,77;11,85;11,46;6,51;3,20;12,57;0,0196;0,247;0,148;0,417;0,198;0,518;5,28;4,73;5,58
CBS_A-T+;3/3;w;81;csf043;107,15;0,00;107,13;0,00;164,35;115,57;255,82;172,09;45,72;8,06;4,43;30,02;3,39;25,06;37,42;77,42;6,90;16,05;25,86;0,0239;0,363;0,170;0,450;0,245;0,499;5,58;5,03;5,78
CBS_A-T+;3/4;w;70;csf022;92,20;0,00;41,64;50,54;105,43;76,83;81,48;95,66;23,75;9,78;3,80;22,98;3,28;15,36;11,58;13,47;7,13;3,60;12,62;0,0148;0,172;0,099;0,444;0,154;0,369;4,02;3,70;4,50
CBS_A-T+;3/4;m;76;csf034;87,90;0,00;40,72;47,15;149,72;127,25;365,98;187,74;31,24;10,77;4,12;31,13;3,06;21,52;9,22;43,34;16,43;16,88;18,82;0,0329;0,417;0,215;0,444;0,187;0,509;5,25;4,45;5,29
CBS_A-T+;3/4;w;74;csf035;113,13;0,00;54,36;58,76;99,29;118,27;170,98;150,81;20,53;14,14;3,89;27,44;3,77;16,58;10,30;25,14;10,38;10,22;14,71;0,0283;0,424;0,219;0,514;0,222;0,534;5,82;5,16;6,01
CBS_A-T+;3/4;w;73;csf041;135,47;0,00;60,75;74,69;179,74;131,27;331,83;151,09;33,81;22,64;8,01;53,93;7,40;24,63;10,56;22,63;10,63;10,97;15,21;0,0255;0,417;0,298;0,791;0,387;0,801;7,06;6,36;7,55
CBS_A-T+;2/3;w;78;csf024;153,15;64,38;88,78;0,00;188,44;158,52;421,26;224,02;43,29;15,95;6,91;32,60;4,97;37,33;21,49;54,56;21,80;21,59;30,52;0,0324;0,597;0,408;0,893;0,320;0,695;6,64;6,41;7,16
CBS_A-T+;2/3;m;73;csf027;110,51;42,14;68,37;0,00;149,27;123,79;360,50;146,00;56,54;26,04;10,05;49,72;8,93;28,15;10,00;23,91;17,34;17,03;19,31;0,0585;0,689;0,362;0,763;0,325;1,067;8,75;8,98;10,50
CBS_A-T+;2/3;m;77;csf028;61,90;27,40;34,51;0,00;154,95;95,02;115,67;267,22;50,82;9,76;3,89;24,31;4,72;37,37;8,89;25,25;19,57;6,17;21,63;0,0225;0,347;0,163;0,458;0,225;0,378;5,25;4,69;5,50
CBS_A-T+;2/3;w;68;csf037;87,73;8,36;79,36;0,00;161,59;95,51;96,57;115,31;28,13;14,89;3,73;25,15;5,10;17,73;17,85;38,27;6,72;8,40;14,70;0,0278;0,422;0,241;0,483;0,173;0,661;5,07;4,80;5,57
CBS_A-T+;2/3;m;73;csf046;183,38;68,80;114,58;0,00;203,27;173,33;174,07;403,01;58,49;16,67;7,08;46,29;5,13;47,40;19,73;81,19;27,90;41,37;34,79;0,0290;0,546;0,366;0,797;0,324;0,794;9,26;8,03;9,64
CBS-AD_A+T+;3/3;w;58;csf019;100,13;0,00;100,11;0,00;123,96;79,52;75,94;142,47;25,37;18,22;4,42;34,31;2,94;15,42;16,54;36,85;10,04;10,01;18,62;0,0165;0,257;0,146;0,603;0,256;0,703;3,82;3,52;4,24
CBS-AD_A+T+;3/3;m;77;csf020;134,66;0,00;134,63;0,00;157,60;106,71;131,36;101,40;29,31;10,62;3,51;28,61;2,46;16,54;13,52;31,79;7,96;7,56;14,57;0,0231;0,283;0,153;0,560;0,195;0,501;5,31;4,64;5,60
CBS-AD_A+T+;3/3;w;70;csf032;146,73;0,00;146,68;0,00;205,69;126,44;400,45;115,62;29,42;19,08;10,13;47,89;3,71;21,24;11,48;26,21;13,29;12,92;17,96;0,0373;0,439;0,243;0,717;0,300;0,774;6,02;5,41;6,03
CBS-AD_A+T+;3/3;m;84;csf036;101,30;0,00;101,28;0,00;211,91;114,25;155,99;288,71;37,15;15,43;5,22;29,79;3,44;31,60;26,19;42,68;4,98;10,49;18,77;0,0309;0,363;0,111;0,506;0,233;0,535;4,89;4,24;5,13
CBS-AD_A+T+;3/3;m;71;csf044;100,91;0,00;100,88;0,00;145,20;113,40;258,20;147,45;23,81;12,55;4,66;33,62;2,77;20,45;15,66;32,94;0,04;0,07;8,03;0,0205;0,315;0,187;0,545;0,231;0,567;5,16;4,55;5,36
CBS-AD_A+T+;3/4;m;77;csf014;126,81;0,00;58,68;68,09;144,03;121,21;138,25;233,30;43,26;15,66;5,24;36,01;3,89;30,77;20,81;45,41;12,00;12,57;21,51;0,0502;0,534;0,263;0,620;0,218;0,594;7,80;6,96;8,18
CBS-AD_A+T+;3/4;m;83;csf016;61,24;0,00;30,23;31,00;166,78;115,61;154,54;217,81;42,22;19,54;4,47;32,37;4,11;25,75;16,40;39,47;9,42;9,40;17,12;0,0315;0,362;0,169;0,439;0,210;0,586;3,64;4,06;4,73
CBS-AD_A+T+;2/3;w;84;csf033;167,89;72,96;94,92;0,00;192,27;136,19;435,00;188,67;39,74;26,13;12,52;49,94;6,06;27,42;8,87;19,20;15,60;16,08;17,81;0,0496;0,737;0,363;0,770;0,430;0,895;7,14;7,48;9,05
CBS-AD_A+T+;2/3;w;84;csf039;57,18;24,28;32,91;0,00;123,23;83,86;85,79;77,18;22,77;11,90;4,87;34,10;3,18;11,43;14,15;31,59;6,81;16,02;13,29;0,0222;0,287;0,170;0,319;0,138;0,439;5,73;4,42;5,14
